{
  "format_version": "1.8.0",
  "animations": {
    "animation.creaking.look_at_target": {
      "loop": true,
      "bones": {
        "head": {
          "relative_to": {
            "rotation": "entity"
          },
          "rotation": [ 0.0, "variable.y_head_rotation - this", 0.0 ]
        }
      }
    },
    "animation.creaking.walk": {
      "loop": true,
      "animation_length": 1.125,
      "anim_time_update": "query.anim_time + (1.6 - math.pow(1.6, 1.0 - 10.0 * query.modified_move_speed)) * query.delta_time",
      "bones": {
        "upperBody": {
          "rotation": {
            "0.0": [ 26.88023, -23.39896, -9.06159 ],
            "0.125": [ -2.20932, 5.91189, 0.06747 ],
            "0.5417": [ 23.07779, 14.2906, 4.60659 ],
            "0.7083": [ -10, 0, 0 ],
            "0.875": [ 7.5, 0, 0 ],
            "1.125": [ 26.88023, -23.39896, -9.06159 ]
          }
        },
        "head": {
          "rotation": {
            "0.0": [ 0, 0, 0 ],
            "0.0417": [ -17.5, -62.5, 0 ],
            "0.0833": [ 0, 0, 0 ],
            "0.4167": [ 0, 0, 0 ],
            "0.4583": [ 0, 15, 0 ],
            "0.5": [ 0, 0, 0 ],
            "1.0417": [ 0, 0, 0 ],
            "1.0833": [ -37.15324, 81.11306, -28.36208 ],
            "1.125": [ 0, 0, 0 ]
          }
        },
        "rightArm": {
          "rotation": {
            "0.0": [ 12.5, 0, 0 ],
            "0.25": [ -32, 0, 0 ],
            "0.875": [ 12, 0, 0 ],
            "1.125": [ -15, 0, 0 ]
          }
        },
        "leftArm": {
          "rotation": {
            "0.0": [ -15, 0, 0 ],
            "0.125": [ 10, 0, 0 ],
            "0.5417": [ -25, 0, 0 ],
            "0.75": [ -9.0923, 0, 0 ],
            "0.7917": [ -15.13695, -66.77576, 13.96033 ],
            "0.8333": [ -9.0923, 0, 0 ],
            "1.0": [ 10, 0, 0 ],
            "1.125": [ -15, 0, 0 ]
          }
        },
        "leftLeg": {
          "rotation": {
            "0.0": [ 0, 0, 0 ],
            "0.25": [ 30, 0, 0 ],
            "0.375": [ 49.8924, -3.82821, 3.21873 ],
            "0.5": [ 17.5, 0, 0 ],
            "0.625": [ -56.56134, -12.2403, -8.73739 ],
            "0.9167": [ 0, 0, 0 ],
            "1.125": [ 0, 0, 0 ]
          },
          "position": {
            "0.0": [ 0, 0, 2 ],
            "0.25": [ 0, 0.18459, 0.59789 ],
            "0.375": [ 0, -0.06651, -2.21766 ],
            "0.5": [ 0, 1.3563, -4.34736 ],
            "0.625": [ 0, 0.10465, -1.65559 ],
            "0.9167": [ 0, 0, -1 ],
            "1.125": [ 0, 0, 2 ]
          }
        },
        "rightLeg": {
          "rotation": {
            "0.0": [ 25.53051, 11.31255, 5.35254 ],
            "0.125": [ -49.56283, 7.35559, 6.79333 ],
            "0.25": [ 0, 0, 0 ],
            "0.4583": [ 0, 0, 0 ],
            "0.9167": [ 30, 0, 0 ],
            "1.0417": [ 55, 0, 0 ],
            "1.125": [ 25.53051, 11.31255, 5.35254 ]
          },
          "position": {
            "0.0": [ 0, 0.96738, -3.65785 ],
            "0.125": [ 0, -0.29785, -0.94108 ],
            "0.25": [ 0, -0.3, -0.94 ],
            "0.4583": [ 0, -0.3, 1.06 ],
            "1.125": [ 0, 0.96738, -3.65785 ]
          }
        }
      }
    },
    "animation.creaking.attack": {
      "animation_length": 0.7083,
      "bones": {
        "upperBody": {
          "rotation": {
            "0.0": [ 0, 0, 0 ],
            "0.0833": [ 0, 45, 0 ],
            "0.1667": [ -115, 67.5, -90 ],
            "0.375": [ 67.5, 0, 0 ],
            "0.5417": [ 0, 45, 0 ],
            "0.7083": [ 0, 0, 0 ]
          },
          "position": {
            "0.0": [ 0, 0, 0 ],
            "0.0833": [ 0, 0, 0 ],
            "0.2917": [ 0, -2.77164, -1.14805 ],
            "0.375": [ 0, 0, 0 ],
            "0.5417": [ 0, 0, 0 ],
            "0.7083": [ 0, 0, 0 ]
          },
          "scale": {
            "0.0": [ 1, 1, 1 ],
            "0.7083": [ 1, 1, 1 ]
          }
        },
        "head": {
          "rotation": {
            "0.0": [ 0, 0, 0 ],
            "0.1667": [ 0, -45, 0 ],
            "0.25": [ -11.25, -45, 0 ],
            "0.2917": [ -117.39395, 76.63306, -130.14825 ],
            "0.4167": [ -45, -45, 0 ],
            "0.5": [ 60, -45, 0 ],
            "0.5833": [ 60, -45, 0 ],
            "0.625": [ 0, -45, 0 ],
            "0.7083": [ 0, 0, 0 ]
          },
          "position": {
            "0.0": [ 0, 0, 0 ],
            "0.1667": [ 0, 0, 0 ],
            "0.4167": [ 0, 0, 0 ],
            "0.5": [ 0.38268, 0.51328, -0.76818 ],
            "0.5833": [ 0.38268, 0.51328, -0.76818 ],
            "0.625": [ 0, 0, 0 ],
            "0.7083": [ 0, 0, 0 ]
          },
          "scale": {
            "0.1667": [ 1, 1, 1 ],
            "0.4167": [ 1, 1, 1 ],
            "0.5": [ 1, 1.3, 1 ],
            "0.625": [ 1, 1, 1 ]
          }
        },
        "rightArm": {
          "rotation": {
            "0.0": [ 0, 0, 0 ],
            "0.1667": [ 0, 0, 0 ],
            "0.25": [ 7.5, 0, 0 ],
            "0.4583": [ 55, 0, 0 ],
            "0.625": [ 0, 0, 0 ],
            "0.7083": [ 0, 0, 0 ]
          },
          "position": {
            "0.0": [ 0, 0, 0 ],
            "0.1667": [ 0, 0, 0 ],
            "0.625": [ 0, 0, 0 ],
            "0.7083": [ 0, 0, 0 ]
          }
        },
        "leftLeg": {
          "rotation": {
            "0.0": [ 0, 0, 0 ],
            "0.1667": [ 0, 0, 0 ],
            "0.625": [ 0, 0, 0 ],
            "0.7083": [ 0, 0, 0 ]
          },
          "position": {
            "0.0": [ 0, 0, 0 ],
            "0.1667": [ 0, 0, -2 ],
            "0.625": [ 0, 0, -2 ],
            "0.7083": [ 0, 0, 0 ]
          }
        },
        "rightLeg": {
          "rotation": {
            "0.0": [ 0, 0, 0 ],
            "0.1667": [ 0, 45, 0 ],
            "0.625": [ 0, 45, 0 ],
            "0.7083": [ 0, 0, 0 ]
          },
          "position": {
            "0.0": [ 0, 0, 0 ],
            "0.1667": [ 0.70711, 0, 0 ],
            "0.625": [ 0.70711, 0, 0 ],
            "0.7083": [ 0, 0, 0 ]
          }
        },
        "leftArm": {
          "rotation": {
            "0.0": [ 0, 0, 0 ],
            "0.1667": [ 0, 0, 0 ],
            "0.25": [ 10.34527, 14.76689, 2.66399 ],
            "0.4583": [ 57.5, 0, 0 ],
            "0.625": [ 0, 0, 0 ],
            "0.7083": [ 0, 0, 0 ]
          },
          "position": {
            "0.0": [ 0, 0, 0 ],
            "0.7083": [ 0, 0, 0 ]
          }
        }
      }
    },
    "animation.creaking.sway": {
      "animation_length": 0.275,
      "bones": {
        "upperBody": {
          "rotation": {
            "0.0": [ 0, 0, 0 ],
            "0.0833": [ -5, 0, 0 ],
            "0.1667": [ 5, 0, 0 ],
            "0.25": [ 0, 0, 0 ]
          },
          "position": {
            "0.0": [ 0, 0, 0 ],
            "0.0833": [ 0, 0, 0 ],
            "0.25": [ 0, 0, 0 ]
          }
        },
        "rightArm": {
          "rotation": {
            "0.0": [ 0, 0, 0 ],
            "0.0833": [ 17.5, 0, 0 ],
            "0.1667": [ -15, 0, 0 ],
            "0.25": [ 0, 0, 0 ]
          },
          "position": {
            "0.0": [ 0, 0, 0 ],
            "0.25": [ 0, 0, 0 ]
          }
        },
        "leftArm": {
          "rotation": {
            "0.0": [ 0, 0, 0 ],
            "0.0833": [ 20, 0, 0 ],
            "0.1667": [ -15, 0, 0 ],
            "0.25": [ 0, 0, 0 ]
          },
          "position": {
            "0.0": [ 0, 0, 0 ],
            "0.25": [ 0, 0, 0 ]
          }
        }
      },
      "sound_effects": {
        "0.0": { "effect": "sway" }
      }
    },
    "animation.creaking.twitch": {
      "loop": "hold_on_last_frame",
      "animation_length": 2.25,
      "bones": {
        "upperBody": {
          "rotation": {
            "0.0": [ 0, 0, 0 ],
            "0.0833": [ -40, 0, 0 ],
            "0.1667": [ -5, 0, 0 ],
            "0.2917": [ 7.5, 0, 0 ],
            "0.5833": [ 16.25, 0, 0 ],
            "0.6667": [ 29.08139, 62.55164, 26.5771 ],