{
  "format_version": "1.8.0",
  "animations": {
    "animation.react_torso_2": {
      "loop": false,
      "bones": {
        "world": {
          "position": {
            "0": [ 0, 0, 0 ],
            "0.8666667": [ 0, 0, 0 ]
          },
          "rotation": {
            "0": [ 0, 0, 0 ],
            "0.8666667": [ 0, 0, 0 ]
          },
          "scale": {
            "0": [ 1, 1, 1 ],
            "0.8666667": [ 1, 1, 1 ]
          }
        },
        "head": {
          "position": {
            "0": [ 0, 0, 0 ],
            "0.2666667": [ 0.4172638, -0.02136757, 0.4131861 ],
            "0.7666667": [ 0.4172638, -0.02136757, 0.4131861 ],
            "1": [ -0.005451698, -0.003565799, 0.6295832 ],
            "1.533333": [ -0.005451698, -0.003565799, 0.6295832 ],
            "1.733333": [ 0, 0, 0 ]
          },
          "rotation": {
            "0": [ 0, 0, 0 ],
            "0.2666667": [ 17.41828, -26.07364, -2.163806 ],
            "0.7666667": [ 17.41828, -26.07364, -2.163806 ],
            "1": [ 12.56482, 27.08829, 2.411466 ],
            "1.533333": [ 12.56482, 27.08829, 2.411466 ],
            "1.733333": [ 0, 0, 0 ]
          },
          "scale": {
            "0": [ 1, 1, 1 ],
            "0.2666667": [ 1, 1, 1 ],
            "0.7666667": [ 1, 1, 1 ],
            "1": [ 1, 1, 1 ],
            "1.533333": [ 1, 1, 1 ],
            "1.733333": [ 1, 1, 1 ]
          }
        },
        "leftArm": {
          "position": {
            "0": [ 0, 0, 0 ],
            "0.2666667": [ -0.1505766, 0.1184198, -0.7957145 ],
            "0.7666667": [ -0.1505766, 0.1184198, -0.7957145 ],
            "1": [ -1.168, -1.84, -1.92 ],
            "1.166667": [ -1.168, -1.84, -1.92 ],
            "1.3": [ -1.168, -1.84, -1.92 ],
            "1.466667": [ -1.168, -1.84, -1.92 ],
            "1.533333": [ -1.168, -1.84, -1.92 ],
            "1.666667": [ 0, 0, 0 ],
            "1.733333": [ 0, 0, 0 ]
          },
          "rotation": {
            "0": [ 0, 0, 0 ],
            "0.2666667": [ -65.89164, 0.6337012, -19.77185 ],
            "0.7666667": [ -65.89164, 0.6337012, -19.77185 ],
            "1": [ -167.8694, 27.26429, -75.36293 ],
            "1.166667": [ -145.941, 27.26429, -75.36293 ],
            "1.3": [ -167.8694, 27.26429, -75.36293 ],
            "1.466667": [ -129.4591, 27.26429, -75.36293 ],
            "1.533333": [ -129.4591, 27.26429, -75.36293 ],
            "1.666667": [ -39.33422, -4.462393, -42.73814 ],
            "1.733333": [ 0, 0, 0 ]
          },
          "scale": {
            "0": [ 1, 1, 1 ],
            "0.2666667": [ 1, 1, 1 ],
            "0.7666667": [ 1, 1, 1 ],
            "1": [ 1, 1, 1 ],
            "1.166667": [ 1, 1, 1 ],
            "1.3": [ 1, 1, 1 ],
            "1.466667": [ 1, 1, 1 ],
            "1.533333": [ 1, 1, 1 ],
            "1.666667": [ 1, 1, 1 ],
            "1.733333": [ 1, 1, 1 ]
          }
        },
        "rightArm": {
          "position": {
            "0": [ 0, 0, 0 ],
            "0.2666667": [ 1.160682, -1.846991, -1.914545 ],
            "0.4333333": [ 1.160682, -1.846991, -1.914545 ],
            "0.5333334": [ 1.160682, -1.846991, -1.914545 ],
            "0.7": [ 1.160682, -1.846991, -1.914545 ],
            "0.7666667": [ 1.160682, -1.846991, -1.914545 ],
            "1": [ 0.144, 0.112, -0.8 ],
            "1.533333": [ 0.144, 0.112, -0.8 ],
            "1.666667": [ 0, 0, 0 ],
            "1.733333": [ 0, 0, 0 ]
          },
          "rotation": {
            "0": [ 0, 0, 0 ],
            "0.2666667": [ -168.1629, -37.15206, 72.32583 ],
            "0.4333333": [ -139.0003, -37.15206, 72.32583 ],
            "0.5333334": [ -168.1629, -37.15206, 72.32583 ],
            "0.7": [ -127.2219, -37.15206, 72.32583 ],
            "0.7666667": [ -127.2219, -37.15206, 72.32583 ],
            "1": [ -65.892, 0.634, 19.772 ],
            "1.533333": [ -65.892, 0.634, 19.772 ],
            "1.666667": [ -25.26017, 11.19144, 30.09589 ],
            "1.733333": [ 0, 0, 0 ]
          },
          "scale": {
            "0": [ 1, 1, 1 ],
            "0.2666667": [ 1, 1, 1 ],
            "0.4333333": [ 1, 1, 1 ],
            "0.5333334": [ 1, 1, 1 ],
            "0.7": [ 1, 1, 1 ],
            "0.7666667": [ 1, 1, 1 ],
            "1": [ 1, 1, 1 ],
            "1.533333": [ 1, 1, 1 ],
            "1.666667": [ 1, 1, 1 ],
            "1.733333": [ 1, 1, 1 ]
          }
        },
        "body": {
          "position": {
            "0": [ 0, 0, 0 ],
            "1.533333": [ 0, 0, 0 ],
            "1.733333": [ 0, 0, 0 ]
          },
          "rotation": {
            "0": [ 0, 0, 0 ],
            "1.533333": [ 0, 0, 0 ],
            "1.733333": [ 0, 0, 0 ]
          },
          "scale": {
            "0": [ 1, 1, 1 ],
            "1.533333": [ 1, 1, 1 ],
            "1.733333": [ 1, 1, 1 ]
          }
        },
        "waist": {
          "position": {
            "0": [ 0, 0, 0 ],
            "0.2666667": [ 0, 0, 0 ],
            "1.533333": [ 0, 0, 0 ],
            "1.733333": [ 0, 0, 0 ]
          },
          "rotation": {
            "0": [ 0, 0, 0 ],
            "0.2666667": [ -9.874162, 0, 0 ],
            "1.533333": [ -9.874162, 0, 0 ],
            "1.733333": [ 0, 0, 0 ]
          },
          "scale": {
            "0": [ 1, 1, 1 ],
            "0.2666667": [ 1, 1, 1 ],
            "1.533333": [ 1, 1, 1 ],
            "1.733333": [ 1, 1, 1 ]
          }
        },
        "rightLeg": {
          "position": {
            "0": [ 0, 0, 0 ],
            "1.533333": [ 0, 0, 0 ],
            "1.733333": [ 0, 0, 0 ]
          },
          "rotation": {
            "0": [ 0, 0, 0 ],
            "1.533333": [ 0, 0, 0 ],
            "1.733333": [ 0, 0, 0 ]
          },
          "scale": {
            "0": [ 1, 1, 1 ],
            "1.533333": [ 1, 1, 1 ],
            "1.733333": [ 1, 1, 1 ]
          }
        },
        "leftLeg": {
          "position": {
            "0": [ 0, 0, 0 ],
            "1.533333": [ 0, 0, 0 ],
            "1.733333": [ 0, 0, 0 ]
          },
          "rotation": {
            "0": [ 0, 0, 0 ],
            "1.533333": [ 0, 0, 0 ],
            "1.733333": [ 0, 0, 0 ]
          },
          "scale": {
            "0": [ 1, 1, 1 ],
            "1.533333": [ 1, 1, 1 ],
            "1.733333": [ 1, 1, 1 ]
          }
        },
        "root": {
          "position": {
            "0": [ 0, 0, 0 ]
          },
          "rotation": {
            "0": [ 0, 0, 0 ]
          },
          "scale": {
            "0": [ 1, 1, 1 ]
          }
        }
      }
    }
  }
}