{
  "format_version": "1.8.0",
  "animations": {
    "animation.react_confirm_2": {
      "loop": false,
      "bones": {
        "world": {
          "position": {
            "0": [ 0, 0, 0 ]
          },
          "rotation": {
            "0": [ 0, 0, 0 ]
          },
          "scale": {
            "0": [ 1, 1, 1 ]
          }
        },
        "head": {
          "position": {
            "0": [ 0, 0, 0 ],
            "0.03333334": [ 0, -1.123402, 1.776357E-17 ],
            "0.1666667": [ 0, 1.416424, 0 ],
            "0.2666667": [ 0, 0.2614985, 0 ],
            "0.4": [ 0, 0.2614985, 0 ],
            "0.6": [ 0.8519766, -0.6492984, -1.267829 ],
            "0.8333333": [ 0.8519766, -0.6492984, -1.267829 ],
            "1.033333": [ 0.3660436, -0.7288367, -1.458596 ],
            "1.266667": [ -0.2463719, -0.8304141, -1.699017 ],
            "1.666667": [ -0.24, -0.832, -1.696 ],
            "1.966667": [ 0, 0, 0 ]
          },
          "rotation": {
            "0": [ 0, 0, 0 ],
            "0.03333334": [ 0, 0, 0 ],
            "0.1666667": [ 0, 0, 0 ],
            "0.2666667": [ 9.237998, 0, 0 ],
            "0.4": [ 9.237998, 0, 0 ],
            "0.6": [ 35.46358, -32.03178, -9.150302 ],
            "0.8333333": [ 35.46358, -32.03178, -9.150302 ],
            "1.033333": [ 54.2484, -4.475204, -0.5737035 ],
            "1.266667": [ 32.47406, 29.21371, 12.28337 ],
            "1.666667": [ 27.25324, 34.95906, 15.73856 ],
            "1.966667": [ 0, 0, 0 ]
          },
          "scale": {
            "0": [ 1, 1, 1 ],
            "0.03333334": [ 1, 1, 1 ],
            "0.1666667": [ 1, 1, 1 ],
            "0.2666667": [ 1, 1, 1 ],
            "0.4": [ 1, 1, 1 ],
            "0.6": [ 1, 1, 1 ],
            "0.8333333": [ 1, 1, 1 ],
            "1.033333": [ 1, 1, 1 ],
            "1.266667": [ 1, 1, 1 ],
            "1.666667": [ 1, 1, 1 ],
            "1.966667": [ 1, 1, 1 ]
          }
        },
        "leftArm": {
          "position": {
            "0": [ 0, 0, 0 ],
            "0.03333334": [ -1.006275, 0, 0 ],
            "0.1666667": [ 2.244969, 1.483948, -0.04085276 ],
            "0.2666667": [ 0, 0, 0 ],
            "0.4333333": [ 0, 0, 0 ],
            "0.7666667": [ 0, 0, 0 ],
            "1": [ 0, 0, 0 ],
            "1.6": [ 0, 0, 0 ],
            "1.666667": [ 0, 0, 0 ],
            "1.866667": [ 0, 0, 0 ],
            "1.966667": [ 0, 0, 0 ]
          },
          "rotation": {
            "0": [ 0, 0, 0 ],
            "0.03333334": [ 1.816836, 0, -3.410568 ],
            "0.1666667": [ 1.453856, 1.089702, -40.2555 ],
            "0.2666667": [ -0.3543622, 8.471252, -39.60997 ],
            "0.4333333": [ -0.3543622, 8.471252, -39.60997 ],
            "0.7666667": [ -4.503809, 3.227345, -69.30062 ],
            "1": [ -4.503809, 3.227345, -69.30062 ],
            "1.6": [ -0.5713736, 11.59389, -43.55414 ],
            "1.666667": [ -0.5713736, 11.59389, -43.55414 ],
            "1.866667": [ -0.6569362, 2.936956, -21.08335 ],
            "1.966667": [ 0, 0, 0 ]
          },
          "scale": {
            "0": [ 1, 1, 1 ],
            "0.03333334": [ 1, 1, 1 ],
            "0.1666667": [ 1, 1, 1 ],
            "0.2666667": [ 1, 1, 1 ],
            "0.4333333": [ 1, 1, 1 ],
            "0.7666667": [ 1, 1, 1 ],
            "1": [ 1, 1, 1 ],
            "1.6": [ 1, 1, 1 ],
            "1.666667": [ 1, 1, 1 ],
            "1.866667": [ 1, 1, 1 ],
            "1.966667": [ 1, 1, 1 ]
          }
        },
        "rightArm": {
          "position": {
            "0": [ 0, 0, 0 ],
            "0.03333334": [ 0.9333035, 0, 0 ],
            "0.1666667": [ -2.181183, 1.017608, -0.02725389 ],
            "0.2666667": [ 0, 0, 0 ],
            "1.066667": [ 0, 0, 0 ],
            "1.4": [ 0, 0, 0 ],
            "1.666667": [ 0, 0, 0 ],
            "1.866667": [ 0, 0, 0 ],
            "1.966667": [ 0, 0, 0 ]
          },
          "rotation": {
            "0": [ 0, 0, 0 ],
            "0.03333334": [ 1.816836, -6.212021E-18, 2.891709 ],
            "0.1666667": [ 1.300578, -1.268726, 47.17418 ],
            "0.2666667": [ 0.1328516, -5.931589, 43.913 ],
            "1.066667": [ 0.1328516, -5.931589, 43.913 ],
            "1.4": [ -1.78792, -5.658187, 62.76641 ],
            "1.666667": [ -1.78792, -5.658187, 62.76641 ],
            "1.866667": [ -0.8602771, -1.275448, 32.73815 ],
            "1.966667": [ 0, 0, 0 ]
          },
          "scale": {
            "0": [ 1, 1, 1 ],
            "0.03333334": [ 1, 1, 1 ],
            "0.1666667": [ 1, 1, 1 ],
            "0.2666667": [ 1, 1, 1 ],
            "1.066667": [ 1, 1, 1 ],
            "1.4": [ 1, 1, 1 ],
            "1.666667": [ 1, 1, 1 ],
            "1.866667": [ 1, 1, 1 ],
            "1.966667": [ 1, 1, 1 ]
          }
        },
        "body": {
          "position": {
            "1.666667": [ 0, 0, 0 ],
            "1.966667": [ 0, 0, 0 ]
          },
          "rotation": {
            "1.666667": [ 0, 0, 0 ],
            "1.966667": [ 0, 0, 0 ]
          },
          "scale": {
            "1.666667": [ 1, 1, 1 ],
            "1.966667": [ 1, 1, 1 ]
          }
        },
        "waist": {
          "position": {
            "0": [ 0, 0, 0 ],
            "0.03333334": [ 0, -1.170463, -0.1488649 ],
            "0.1666667": [ 0, 1.232581, -0.07443245 ],
            "0.2666667": [ 0, 0, 0 ],
            "0.5333334": [ 0, 0, 0 ],
            "0.8": [ 0, 0, 0 ],
            "1.6": [ 0, 0, 0 ],
            "1.666667": [ 0, 0, 0 ],
            "1.966667": [ 0, 0, 0 ]
          },
          "rotation": {
            "0": [ 0, 0, 0 ],
            "0.03333334": [ 0, 0, 0 ],
            "0.1666667": [ 0, 0, 0 ],
            "0.2666667": [ -8.077434, 0, 0 ],
            "0.5333334": [ -13.08592, 0, 0 ],
            "0.8": [ -13.0169, 1.354049, 5.836332 ],
            "1.6": [ -13.04072, -1.096287, -4.722183 ],
            "1.666667": [ -13.04072, -1.096287, -4.722183 ],
            "1.966667": [ 0, 0, 0 ]
          },
          "scale": {
            "0": [ 1, 1, 1 ],
            "0.03333334": [ 1, 1, 1 ],
            "0.1666667": [ 1, 1, 1 ],
            "0.2666667": [ 1, 1, 1 ],
            "0.5333334": [ 1, 1, 1 ],
            "0.8": [ 1, 1, 1 ],
            "1.6": [ 1, 1, 1 ],
            "1.666667": [ 1, 1, 1 ],
            "1.966667": [ 1, 1, 1 ]
          }
        },
        "rightLeg": {
          "position": {
            "0": [ 0, 0, 0 ],
            "0.1666667": [ -0.7902597, 0, 0 ],
            "0.2": [ -0.566245, 0.634858, 8.112109E-17 ],
            "0.2666667": [ 0, 0, 0 ],
            "1.666667": [ 0, 0, 0 ],
            "1.866667": [ 0, 0, 0 ],
            "1.966667": [ 0, 0, 0 ]
          },
          "rotation": {
            "0": [ 0, 0, 0 ],
            "0.1666667": [ 0, 8.07764, 0 ],
            "0.2": [ 0, 10.54773, 1.726181 ],
            "0.2666667": [ 0, 14.49833, 6.658125 ],
            "1.666667": [ 0, 14.49833, 6.658125 ],
            "1.866667": [ 0, 0, 0 ],
            "1.966667": [ 0, 0, 0 ]
          },
          "scale": {
            "0": [ 1, 1, 1 ],
            "0.1666667": [ 1, 1, 1 ],
            "0.2": [ 1, 1, 1 ],
            "0.2666667": [ 1, 1, 1 ],
            "1.666667": [ 1, 1, 1 ],
            "1.866667": [ 1, 1, 1 ],
            "1.966667": [ 1, 1, 1 ]
          }
        },
        "leftLeg": {
          "position": {
            "0": [ 0, 0, 0 ],
            "0.1666667": [ 0.7100883, 0, 0 ],
            "0.2": [ 0.5077429, 0.6348841, -5.453388E-18 ],
            "0.2666667": [ 0, 0, 0 ],
            "1.666667": [ 0, 0, 0 ],
            "1.866667": [ 0, 0, 0 ],
            "1.966667": [ 0, 0, 0 ]
          },
          "rotation": {
            "0": [ 0, 0, 0 ],
            "0.1666667": [ 0, -10.13497, 0 ],
            "0.2": [ 0, -11.77193, -1.646396 ],
            "0.2666667": [ 0, -13.5462, -6.350384 ],
            "1.666667": [ 0, -13.5462, -6.350384 ],
            "1.866667": [ 0, 0, 0 ],