{
  "format_version": "1.8.0",
  "animations": {
    "animation.react_arm_2": {
      "loop": false,
      "bones": {
        "head": {
          "position": {
            "0": [ 0, 0, 0 ],
            "0.1": [ 0, 0, 0 ],
            "0.3666667": [ 0, 0, 0 ],
            "0.7666667": [ 0, 0, 0 ],
            "0.9666666": [ 0, 0, 0 ],
            "1.333333": [ 0, 0, 0 ],
            "1.566667": [ 0, 0, 0 ]
          },
          "rotation": {
            "0": [ 23.77785, 0, 0 ],
            "0.1": [ 35.57776, 0, 0 ],
            "0.3666667": [ 25.78184, -22.02923, -10.26911 ],
            "0.7666667": [ 25.78184, -22.02923, -10.26911 ],
            "0.9666666": [ 30.39682, -14.59285, -24.85601 ],
            "1.333333": [ 30.39682, -14.59285, -24.85601 ],
            "1.566667": [ 0, 0, 0 ]
          },
          "scale": {
            "0": [ 1, 1, 1 ],
            "0.1": [ 1, 1, 1 ],
            "0.3666667": [ 1, 1, 1 ],
            "0.7666667": [ 1, 1, 1 ],
            "0.9666666": [ 1, 1, 1 ],
            "1.333333": [ 1, 1, 1 ],
            "1.566667": [ 1, 1, 1 ]
          }
        },
        "leftArm": {
          "position": {
            "0": [ 0.064, 0.7114162, -1.136 ],
            "0.4333333": [ 0.064, 0.7114162, -1.136 ],
            "0.6333333": [ 0, -0.1151865, -1.422047 ],
            "0.8": [ 0, -0.1151865, -1.422047 ],
            "1.133333": [ 0, -0.1151865, -1.422047 ],
            "1.266667": [ 0, -0.1151865, -1.422047 ],
            "1.466667": [ 0, 0, 0 ]
          },
          "rotation": {
            "0": [ -47.474, 22.39, -29.999 ],
            "0.4333333": [ -47.474, 22.39, -29.999 ],
            "0.6333333": [ -52.40366, -9.679371, -5.386291 ],
            "0.8": [ -64.59595, -30.15643, 28.90456 ],
            "1.133333": [ -51.62526, 4.945101, -23.91643 ],
            "1.266667": [ -51.62526, 4.945101, -23.91643 ],
            "1.466667": [ 0, 0, 0 ]
          },
          "scale": {
            "0": [ 1, 1, 1 ],
            "0.4333333": [ 1, 1, 1 ],
            "0.6333333": [ 1, 1, 1 ],
            "0.8": [ 1, 1, 1 ],
            "1.133333": [ 1, 1, 1 ],
            "1.266667": [ 1, 1, 1 ],
            "1.466667": [ 1, 1, 1 ]
          }
        },
        "rightArm": {
          "position": {
            "0": [ 0, 0.0842235, -0.688 ],
            "0.06666667": [ 0, 0.0842235, -0.688 ],
            "0.1666667": [ 0, 0.0842235, -0.688 ],
            "0.4666667": [ 1.480597, -0.5160402, -2.912812 ],
            "1.133333": [ 1.480597, -0.5160402, -2.912812 ],
            "1.3": [ 1.480597, -0.5160402, -2.912812 ],
            "1.366667": [ 0.8978547, -0.312934, -1.76637 ],
            "1.5": [ 0, 0, 0 ]
          },
          "rotation": {
            "0": [ -46.999, -21.726, 29.192 ],
            "0.06666667": [ -48.90333, -15.45438, 35.15172 ],
            "0.1666667": [ -46.999, -21.726, 29.192 ],
            "0.4666667": [ -12.59278, -37.30053, -57.27499 ],
            "1.133333": [ -12.59278, -37.30053, -57.27499 ],
            "1.3": [ -12.59278, -37.30053, -57.27499 ],
            "1.366667": [ -27.75937, -22.80587, -35.32948 ],
            "1.5": [ 0, 0, 0 ]
          },
          "scale": {
            "0": [ 1, 1, 1 ],
            "0.06666667": [ 1, 1, 1 ],
            "0.1666667": [ 1, 1, 1 ],
            "0.4666667": [ 1, 1, 1 ],
            "1.133333": [ 1, 1, 1 ],
            "1.3": [ 1, 1, 1 ],
            "1.366667": [ 1, 1, 1 ],
            "1.5": [ 1, 1, 1 ]
          }
        },
        "waist": {
          "position": {
            "0": [ 0, 0, 0 ],
            "0.03333334": [ 0, 0, 0 ],
            "0.2": [ 0, 0, 0 ],
            "1.233333": [ 0, 0, 0 ],
            "1.6": [ 0, 0, 0 ]
          },
          "rotation": {
            "0": [ 0, 0, 0 ],
            "0.03333334": [ 3, 0, 0 ],
            "0.2": [ -4.630877, 0, 0 ],
            "1.233333": [ -4.630877, 0, 0 ],
            "1.6": [ 0, 0, 0 ]
          },
          "scale": {
            "0": [ 1, 1, 1 ],
            "0.03333334": [ 1, 1, 1 ],
            "0.2": [ 1, 1, 1 ],
            "1.233333": [ 1, 1, 1 ],
            "1.6": [ 1, 1, 1 ]
          }
        }
      }
    }
  }
}