{
  "format_version": "1.8.0",
  "animations": {
    "animation.react_bottom_3": {
      "loop": false,
      "bones": {
        "world": {
          "position": {
            "0": [ 0, 0, 0 ]
          },
          "rotation": {
            "0": [ 0, 0, 0 ]
          },
          "scale": {
            "0": [ 1, 1, 1 ]
          }
        },
        "head": {
          "position": {
            "0": [ 0, 0, 0 ],
            "0.03333334": [ 0, -0.7588844, 0 ],
            "0.2": [ 0, 0.1861154, -0.02458102 ],
            "0.9": [ 0, 0.1861154, -0.02458102 ],
            "1.066667": [ 0, 0, 0 ]
          },
          "rotation": {
            "0": [ 0, 0, 0 ],
            "0.03333334": [ 0, 0, 0 ],
            "0.2": [ 34.40331, 0, 0 ],
            "0.9": [ 34.40331, 0, 0 ],
            "1.066667": [ 0, 0, 0 ]
          },
          "scale": {
            "0": [ 1, 1, 1 ],
            "0.03333334": [ 1, 1, 1 ],
            "0.2": [ 1, 1, 1 ],
            "0.9": [ 1, 1, 1 ],
            "1.066667": [ 1, 1, 1 ]
          }
        },
        "leftArm": {
          "position": {
            "0": [ 0, 0, 0 ],
            "0.03333334": [ 0, 0, 0 ],
            "0.2": [ 0, 0, 0 ],
            "0.5": [ 0, 0, 0 ],
            "0.6333333": [ 0, 0, 0 ]
          },
          "rotation": {
            "0": [ 0, 0, 0 ],
            "0.03333334": [ 2.55507, 2.484808E-17, 5.722229 ],
            "0.2": [ -5.890717, -52.90703, -92.67361 ],
            "0.5": [ -5.890717, -52.90703, -92.67361 ],
            "0.6333333": [ 0, 0, 0 ]
          },
          "scale": {
            "0": [ 1, 1, 1 ],
            "0.03333334": [ 1, 1, 1 ],
            "0.2": [ 1, 1, 1 ],
            "0.5": [ 1, 1, 1 ],
            "0.6333333": [ 1, 1, 1 ]
          }
        },
        "rightArm": {
          "position": {
            "0": [ 0, 0, 0 ],
            "0.03333334": [ 0, 0, 0 ],
            "0.2": [ 0, 0, 0 ],
            "0.5": [ 0, 0, 0 ],
            "0.6333333": [ 0, 0, 0 ]
          },
          "rotation": {
            "0": [ 0, 0, 0 ],
            "0.03333334": [ 2.721228, 0, -6.398397 ],
            "0.2": [ -33.14913, 63.71946, 70.10081 ],
            "0.5": [ -33.14913, 63.71946, 70.10081 ],
            "0.6333333": [ 0, 0, 0 ]
          },
          "scale": {
            "0": [ 1, 1, 1 ],
            "0.03333334": [ 1, 1, 1 ],
            "0.2": [ 1, 1, 1 ],
            "0.5": [ 1, 1, 1 ],
            "0.6333333": [ 1, 1, 1 ]
          }
        },
        "body": {
          "position": {
            "0": [ 0, 0, 0 ]
          },
          "rotation": {
            "0": [ 0, 0, 0 ]
          },
          "scale": {
            "0": [ 1, 1, 1 ]
          }
        },
        "waist": {
          "position": {
            "0": [ 0, 0, 0 ],
            "0.03333334": [ 0, -0.9438915, 0 ],
            "0.2": [ 0, 0.3543307, 0 ],
            "0.4333333": [ 0, 0.3543307, 0 ],
            "0.5666667": [ 0, -0.5950254, 0 ],
            "0.6333333": [ 0, 0, 0 ]
          },
          "rotation": {
            "0": [ 0, 0, 0 ],
            "0.03333334": [ 0, 0, 0 ],
            "0.2": [ 0, 0, 0 ],
            "0.4333333": [ 0, 0, 0 ],
            "0.5666667": [ 0, 0, 0 ],
            "0.6333333": [ 0, 0, 0 ]
          },
          "scale": {
            "0": [ 1, 1, 1 ],
            "0.03333334": [ 1, 1, 1 ],
            "0.2": [ 1, 1, 1 ],
            "0.4333333": [ 1, 1, 1 ],
            "0.5666667": [ 1, 1, 1 ],
            "0.6333333": [ 1, 1, 1 ]
          }
        },
        "rightLeg": {
          "position": {
            "0": [ 0, 0, 0 ],
            "0.1333333": [ -0.1549151, -2.063268, -0.1653927 ],
            "0.2": [ 0, 0, 0 ],
            "0.4333333": [ 0, 0, 0 ],
            "0.5333334": [ -0.5033563, -2.070076, 0 ],
            "0.5666667": [ 0, 0.8542442, 0 ],
            "0.6333333": [ 0, 0, 0 ]
          },
          "rotation": {
            "0": [ 0, 0, 0 ],
            "0.1333333": [ -4.670732, 11.89318, 3.329221 ],
            "0.2": [ -8.325117E-16, 17.23295, 33.68845 ],
            "0.4333333": [ 0, 17.23295, 33.68845 ],
            "0.5333334": [ 0, 0, 4.174468 ],
            "0.5666667": [ 0, 0, 0 ],
            "0.6333333": [ 0, 0, 0 ]
          },
          "scale": {
            "0": [ 1, 1, 1 ],
            "0.1333333": [ 1, 1, 1 ],
            "0.2": [ 1, 1, 1 ],
            "0.4333333": [ 1, 1, 1 ],
            "0.5333334": [ 1, 1, 1 ],
            "0.5666667": [ 1, 1, 1 ],
            "0.6333333": [ 1, 1, 1 ]
          }
        },
        "leftLeg": {
          "position": {
            "0": [ 0, 0, 0 ],
            "0.1333333": [ 0.1743061, -2.23301, -0.2291534 ],
            "0.2": [ 0, 0, 0 ],
            "0.4333333": [ 0, 0, 0 ],
            "0.5333334": [ 0.3760091, -1.890675, 0 ],
            "0.5666667": [ 0, 0.8542442, 0 ],
            "0.6333333": [ 0, 0, 0 ]
          },
          "rotation": {
            "0": [ 0, 0, 0 ],
            "0.1333333": [ -5.846446, 2.332592, -4.702169 ],
            "0.2": [ -8.495675, -3.975693E-16, -35.61169 ],
            "0.4333333": [ -8.495675, 0, -35.61169 ],
            "0.5333334": [ 0, 0, -7.4502 ],
            "0.5666667": [ 0, 0, 0 ],
            "0.6333333": [ 0, 0, 0 ]
          },
          "scale": {
            "0": [ 1, 1, 1 ],
            "0.1333333": [ 1, 1, 1 ],
            "0.2": [ 1, 1, 1 ],
            "0.4333333": [ 1, 1, 1 ],
            "0.5333334": [ 1, 1, 1 ],
            "0.5666667": [ 1, 1, 1 ],
            "0.6333333": [ 1, 1, 1 ]
          }
        },
        "root": {
          "position": {
            "0": [ 0, 0, 0 ],
            "0.03333334": [ 0, 0, 0 ],
            "0.2": [ 0, 3.287701, 0 ],
            "0.4333333": [ 0, 4.313436, 0 ],
            "0.5666667": [ 0, -0.8886529, 0 ],
            "0.6333333": [ 0, 0, 0 ]
          },
          "rotation": {
            "0": [ 0, 0, 0 ],
            "0.03333334": [ 0, 0, 0 ],
            "0.2": [ 0, 0, 0 ],
            "0.4333333": [ 0, 0, 0 ],
            "0.5666667": [ 0, 0, 0 ],
            "0.6333333": [ 0, 0, 0 ]
          },
          "scale": {
            "0": [ 1, 1, 1 ],
            "0.03333334": [ 1, 1, 1 ],
            "0.2": [ 1, 1, 1 ],
            "0.4333333": [ 1, 1, 1 ],
            "0.5666667": [ 1, 1, 1 ],
            "0.6333333": [ 1, 1, 1 ]
          }
        }
      }
    }
  }
}