{
  "format_version": "1.8.0",
  "animations": {
    "animation.react_confirm_1": {
      "loop": false,
      "bones": {
        "world": {
          "position": {
            "0": [ 0, 0, 0 ],
            "1.533333": [ 0, 0, 0 ]
          },
          "rotation": {
            "0": [ 0, 0, 0 ],
            "1.533333": [ 0, 0, 0 ]
          },
          "scale": {
            "0": [ 1, 1, 1 ],
            "1.533333": [ 1, 1, 1 ]
          }
        },
        "head": {
          "position": {
            "0": [ 0, 0, 0 ],
            "1.533333": [ 0, 0, 0 ]
          },
          "rotation": {
            "0": [ 0, 0, 0 ],
            "0.03333334": [ -0.2853151, 0, 0 ],
            "0.06666667": [ -1.067631, 0, 0 ],
            "0.1": [ -2.236502, 0, 0 ],
            "0.1333333": [ -3.681485, 0, 0 ],
            "0.1666667": [ -5.292135, 0, 0 ],
            "0.2": [ -6.958007, 0, 0 ],
            "0.2333333": [ -8.568657, 0, 0 ],
            "0.2666667": [ -10.01364, 0, 0 ],
            "0.3": [ -11.18251, 0, 0 ],
            "0.3333333": [ -11.96483, 0, 0 ],
            "0.3666667": [ -12.25014, 0, 0 ],
            "1.133333": [ -12.25014, 0, 0 ],
            "1.166667": [ -11.49318, 0, 0 ],
            "1.2": [ -9.571321, 0, 0 ],
            "1.233333": [ -7.008153, 0, 0 ],
            "1.266667": [ -4.32724, 0, 0 ],
            "1.3": [ -2.052154, 0, 0 ],
            "1.333333": [ -0.7064654, 0, 0 ],
            "1.533333": [ -0.7064654, 0, 0 ]
          },
          "scale": {
            "0": [ 1, 1, 1 ],
            "1.533333": [ 1, 1, 1 ]
          }
        },
        "leftArm": {
          "position": {
            "0": [ 0, 0, 0 ],
            "1.533333": [ 0, 0, 0 ]
          },
          "rotation": {
            "0": [ 0, 0, 0 ],
            "0.03333334": [ -4.186964, 0.0003717589, -0.09218756 ],
            "0.06666667": [ -15.66735, 0.001391098, -0.3449599 ],
            "0.1": [ -32.82039, 0.00291411, -0.7226316 ],
            "0.1333333": [ -54.02534, 0.004796889, -1.189517 ],
            "0.1666667": [ -77.66142, 0.006895528, -1.709931 ],
            "0.2": [ -102.1079, 0.009066121, -2.248187 ],
            "0.2333333": [ -125.744, 0.01116476, -2.768601 ],
            "0.2666667": [ -146.9489, 0.01304754, -3.235486 ],
            "0.3": [ -164.102, 0.01457055, -3.613158 ],
            "0.3333333": [ -175.5824, 0.01558989, -3.86593 ],
            "0.3666667": [ -179.7693, 0.01596165, -3.958118 ],
            "1.233333": [ -179.7693, 0.01596165, -3.958118 ],
            "1.266667": [ -173.3824, -3.025021, -3.962731 ],
            "1.3": [ -156.7265, -10.27659, -3.973731 ],
            "1.333333": [ -133.5588, -18.9317, -3.98686 ],
            "1.366667": [ -107.6364, -26.18327, -3.997859 ],
            "1.4": [ -82.71649, -29.22425, -4.002472 ],
            "1.433333": [ -49.53378, -23.99643, -3.249104 ],
            "1.466667": [ -12.17811, -12.89598, -1.674531 ],
            "1.5": [ 5.560458, -2.797451, -0.3070539 ],
            "1.533333": [ 0, 0, 0 ]
          },
          "scale": {
            "0": [ 1, 1, 1 ],
            "1.533333": [ 1, 1, 1 ]
          }
        },
        "rightArm": {
          "position": {
            "0": [ 0, 0, 0 ],
            "1.533333": [ 0, 0, 0 ]
          },
          "rotation": {
            "0": [ 0, 0, 0 ],
            "0.03333334": [ -4.186971, -0.0004647797, 0.1153063 ],
            "0.06666667": [ -15.66738, -0.001739176, 0.4314689 ],
            "0.1": [ -32.82045, -0.003643273, 0.9038529 ],
            "0.1333333": [ -54.02543, -0.005997158, 1.487824 ],
            "0.1666667": [ -77.66156, -0.008620915, 2.138747 ],
            "0.2": [ -102.1081, -0.01133463, 2.811987 ],
            "0.2333333": [ -125.7442, -0.01395839, 3.46291 ],
            "0.2666667": [ -146.9492, -0.01631227, 4.046881 ],
            "0.3": [ -164.1022, -0.01821637, 4.519265 ],
            "0.3333333": [ -175.5827, -0.01949076, 4.835427 ],
            "0.3666667": [ -179.7696, -0.01995554, 4.950734 ],
            "1.233333": [ -179.7696, -0.01995554, 4.950734 ],
            "1.266667": [ -173.5079, 2.750861, 5.10127 ],
            "1.3": [ -157.1519, 9.358192, 5.46024 ],
            "1.333333": [ -134.3454, 17.24436, 5.888688 ],
            "1.366667": [ -108.7319, 23.85169, 6.247658 ],
            "1.4": [ -83.95527, 26.62251, 6.398194 ],
            "1.433333": [ -50.50823, 21.44376, 5.286608 ],
            "1.466667": [ -12.63807, 10.7625, 2.917558 ],
            "1.5": [ 5.379848, 1.86125, 0.7396061 ],
            "1.533333": [ 0, 0, 0 ]
          },
          "scale": {
            "0": [ 1, 1, 1 ],
            "1.533333": [ 1, 1, 1 ]
          }
        },
        "body": {
          "position": {
            "0": [ 0, 0, 0 ],
            "1.533333": [ 0, 0, 0 ]
          },
          "rotation": {
            "0": [ 0, 0, 0 ],
            "1.533333": [ 0, 0, 0 ]
          },
          "scale": {
            "0": [ 1, 1, 1 ],
            "1.533333": [ 1, 1, 1 ]
          }
        },
        "waist": {
          "position": {
            "0": [ 0, 0, 0 ],
            "1.533333": [ 0, 0, 0 ]
          },
          "rotation": {
            "0": [ 0, 0, 0 ],
            "0.03333334": [ -0.05803267, 0, 0 ],
            "0.06666667": [ -0.2171545, 0, 0 ],
            "0.1": [ -0.4549013, 0, 0 ],
            "0.1333333": [ -0.7488087, 0, 0 ],
            "0.1666667": [ -1.076412, 0, 0 ],
            "0.2": [ -1.415248, 0, 0 ],
            "0.2333333": [ -1.742852, 0, 0 ],
            "0.2666667": [ -2.03676, 0, 0 ],
            "0.3": [ -2.274506, 0, 0 ],
            "0.3333333": [ -2.433628, 0, 0 ],
            "0.3666667": [ -2.491661, 0, 0 ],
            "1.133333": [ -2.491661, 0, 0 ],
            "1.166667": [ -1.891017, 0, 0 ],
            "1.2": [ -0.3894076, 0, 0 ],
            "1.233333": [ 1.562685, 0, 0 ],
            "1.266667": [ 3.514777, 0, 0 ],
            "1.3": [ 5.016387, 0, 0 ],
            "1.333333": [ 5.617031, 0, 0 ],
            "1.366667": [ 5.200954, 0, 0 ],
            "1.4": [ 4.160763, 0, 0 ],
            "1.433333": [ 2.808515, 0, 0 ],
            "1.466667": [ 1.456267, 0, 0 ],
            "1.5": [ 0.4160763, 0, 0 ],
            "1.533333": [ 0, 0, 0 ]
          },
          "scale": {
            "0": [ 1, 1, 1 ],
            "1.533333": [ 1, 1, 1 ]
          }
        },
        "rightLeg": {
          "position": {
            "0": [ 0, 0, 0 ],
            "1.533333": [ 0, 0, 0 ]
          },
          "rotation": {
            "0": [ 0, 0, 0 ],
            "1.533333": [ 0, 0, 0 ]
          },
          "scale": {
            "0": [ 1, 1, 1 ],
            "1.533333": [ 1, 1, 1 ]
          }
        },
        "leftLeg": {
          "position": {
            "0": [ 0, 0, 0 ],
            "1.533333": [ 0, 0, 0 ]
          },
          "rotation": {
            "0": [ 0, 0, 0 ],
            "0.03333334": [ -1.82788, -0.1297397, -0.1974937 ],
            "0.06666667": [ -6.541684, -0.4643316, -0.7073345 ],
            "0.1": [ -12.98666, -0.9218348, -1.405562 ],
            "0.1333333": [ -20.00806, -1.420308, -2.168216 ],
            "0.1666667": [ -26.45112, -1.877812, -2.871336 ],
            "0.2": [ -31.1611, -2.212404, -3.390962 ],
            "0.2333333": [ -32.98323, -2.342143, -3.603133 ],
            "0.2666667": [ -33.03419, -2.342143, -3.61886 ],
            "0.3": [ -33.19387, -2.342143, -3.631911 ],
            "0.3333333": [ -33.45243, -2.342143, -3.642465 ],
            "0.3666667": [ -33.80001, -2.342143, -3.6507 ],
            "0.4": [ -34.22673, -2.342143, -3.656794 ],
            "0.4333333": [ -34.72276, -2.342143, -3.660927 ],
            "0.4666667": [ -35.27821, -2.342143, -3.663275 ],
            "0.5": [ -35.88324, -2.342143, -3.664018 ],
            "0.5333334": [ -36.52799, -2.342143, -3.663335 ],
            "0.5666667": [ -37.20259, -2.342143, -3.661402 ],
            "0.6": [ -37.8972, -2.342143, -3.6584 ],