{
  "format_version": "1.8.0",
  "animations": {
    "animation.react_arm_1": {
      "loop": false,
      "bones": {
        "head": {
          "position": {
            "0": [ 0, 0, 0 ],
            "0.1": [ 0, 0, 0 ],
            "0.3666667": [ 0, 0, 0 ],
            "0.9333333": [ 0, 0, 0 ],
            "1.033333": [ 0, 0, 0 ],
            "1.133333": [ 0, 0, 0 ],
            "1.266667": [ 0, 0, 0 ]
          },
          "rotation": {
            "0": [ 23.77785, 0, 0 ],
            "0.1": [ 35.57776, 0, 0 ],
            "0.3666667": [ 25.78184, -22.02923, -10.26911 ],
            "0.9333333": [ 25.78184, -22.02923, -10.26911 ],
            "1.033333": [ 31.72938, -10.19392, -2.345672 ],
            "1.133333": [ 27.13305, -3.133592, 0.9167296 ],
            "1.266667": [ 0, 0, 0 ]
          },
          "scale": {
            "0": [ 1, 1, 1 ],
            "0.1": [ 1, 1, 1 ],
            "0.3666667": [ 1, 1, 1 ],
            "0.9333333": [ 1, 1, 1 ],
            "1.033333": [ 1, 1, 1 ],
            "1.133333": [ 1, 1, 1 ],
            "1.266667": [ 1, 1, 1 ]
          }
        },
        "leftArm": {
          "position": {
            "0": [ 0.064, 0.7114162, -1.136 ],
            "0.1666667": [ 0.064, 0.7114162, -1.136 ],
            "0.4666667": [ 0.064, 0.7114162, -1.136 ],
            "0.9666666": [ 0.064, 0.7114162, -1.136 ],
            "1.033333": [ 0.04375, 0.4863196, -0.7765625 ],
            "1.2": [ 0.01360243, 0.151203, -0.2414432 ],
            "1.3": [ 0, 0, 0 ]
          },
          "rotation": {
            "0": [ -47.474, 22.39, -29.999 ],
            "0.1666667": [ -47.474, 22.39, -29.999 ],
            "0.4666667": [ -44.62285, -14.05358, 6.031578 ],
            "0.9666666": [ -48.09274, 23.70926, -31.57911 ],
            "1.033333": [ -34.34443, 12.37734, -27.52755 ],
            "1.2": [ -10.79953, 3.531621, -9.34613 ],
            "1.3": [ 0, 0, 0 ]
          },
          "scale": {
            "0": [ 1, 1, 1 ],
            "0.1666667": [ 1, 1, 1 ],
            "0.4666667": [ 1, 1, 1 ],
            "0.9666666": [ 1, 1, 1 ],
            "1.033333": [ 1, 1, 1 ],
            "1.2": [ 1, 1, 1 ],
            "1.3": [ 1, 1, 1 ]
          }
        },
        "rightArm": {
          "position": {
            "0": [ 0, 0.0842235, -0.688 ],
            "0.1666667": [ 0, 0.0842235, -0.688 ],
            "0.4666667": [ 0, 0.0842235, -0.688 ],
            "0.9666666": [ 0, 0.0842235, -0.688 ],
            "1.033333": [ 0, 0.04211175, -0.344 ],
            "1.2": [ 0, 0.01181471, -0.09651133 ],
            "1.3": [ 0, 0, 0 ]
          },
          "rotation": {
            "0": [ -46.999, -21.726, 29.192 ],
            "0.1666667": [ -46.999, -21.726, 29.192 ],
            "0.4666667": [ -43.05416, 5.634744, 2.300441 ],
            "0.9666666": [ -45.47208, -17.63913, 24.66349 ],
            "1.033333": [ -23.84569, -4.829697, 21.64388 ],
            "1.2": [ -6.815479, -0.9040274, 7.409485 ],
            "1.3": [ 0, 0, 0 ]
          },
          "scale": {
            "0": [ 1, 1, 1 ],
            "0.1666667": [ 1, 1, 1 ],
            "0.4666667": [ 1, 1, 1 ],
            "0.9666666": [ 1, 1, 1 ],
            "1.033333": [ 1, 1, 1 ],
            "1.2": [ 1, 1, 1 ],
            "1.3": [ 1, 1, 1 ]
          }
        },
        "waist": {
          "position": {
            "0": [ 0, 0, 0 ],
            "0.03333334": [ 0, 0, 0 ],
            "0.2": [ 0, 0, 0 ],
            "1": [ 0, 0, 0 ],
            "1.366667": [ 0, 0, 0 ]
          },
          "rotation": {
            "0": [ 0, 0, 0 ],
            "0.03333334": [ 3, 0, 0 ],
            "0.2": [ -4.630877, 0, 0 ],
            "1": [ -4.630877, 0, 0 ],
            "1.366667": [ 0, 0, 0 ]
          },
          "scale": {
            "0": [ 1, 1, 1 ],
            "0.03333334": [ 1, 1, 1 ],
            "0.2": [ 1, 1, 1 ],
            "1": [ 1, 1, 1 ],
            "1.366667": [ 1, 1, 1 ]
          }
        }
      }
    }
  }
}