{
  "format_version": "1.8.0",
  "animations": {
    "animation.idle_bottom_1": {
      "loop": true,
      "bones": {
        "head": {
          "position": {
            "0": [ 0, 0, 0 ],
            "4": [ 0, 0, 0 ]
          },
          "rotation": {
            "0": [ 45, 0, 0 ],
            "4": [ 45, 0, 0 ]
          },
          "scale": {
            "0": [ 1, 1, 1 ],
            "4": [ 1, 1, 1 ]
          }
        },
        "leftArm": {
          "position": {
            "0": [ 0, 0, 0 ],
            "4": [ 0, 0, 0 ]
          },
          "rotation": {
            "0": [ -0.5, -5.5, -4.5 ],
            "1.966667": [ 0.5, -5.5, -2 ],
            "4": [ -0.5, -5.5, -4.5 ]
          },
          "scale": {
            "0": [ 1, 1, 1 ],
            "4": [ 1, 1, 1 ]
          }
        },
        "rightArm": {
          "position": {
            "0": [ 0, 0, 0 ],
            "4": [ 0, 0, 0 ]
          },
          "rotation": {
            "0": [ 22, 0, 5 ],
            "1.966667": [ 22, 0, 3.5 ],
            "4": [ 22, 0, 5 ]
          },
          "scale": {
            "0": [ 1, 1, 1 ],
            "4": [ 1, 1, 1 ]
          }
        },
        "body": {
          "position": {
            "0": [ 0, -0.626612, 0 ],
            "1.966667": [ 5.392475E-17, -0.8694675, -8.088712E-17 ],
            "4": [ 0, -0.626612, 0 ]
          },
          "rotation": {
            "0": [ 0, 0, 0 ],
            "4": [ 0, 0, 0 ]
          },
          "scale": {
            "0": [ 1, 1, 1 ],
            "4": [ 1, 1, 1 ]
          }
        },
        "rightLeg": {
          "position": {
            "0": [ 1.122774E-17, -0.288, -1.184 ],
            "4": [ 1.122774E-17, -0.288, -1.184 ]
          },
          "rotation": {
            "0": [ -3, -1, 2.3 ],
            "4": [ -3, -1, 2.3 ]
          },
          "scale": {
            "0": [ 1, 1, 1 ],
            "4": [ 1, 1, 1 ]
          }
        },
        "leftLeg": {
          "position": {
            "0": [ 1.122774E-17, 0, 0.144 ],
            "4": [ 1.122774E-17, 0, 0.144 ]
          },
          "rotation": {
            "0": [ 0, 0, 0 ],
            "4": [ 0, 0, 0 ]
          },
          "scale": {
            "0": [ 1, 1, 1 ],
            "4": [ 1, 1, 1 ]
          }
        }
      }
    }
  }
}