{
  "format_version": "1.8.0",
  "animations": {
    "animation.react_back_1": {
      "loop": false,
      "bones": {
        "head": {
          "position": {
            "0": [ 0, 0, 0 ],
            "0.3": [ -0.1283712, 9.818813E-15, 0.8891773 ],
            "0.5333334": [ -0.1283712, 9.818813E-15, 0.8891773 ],
            "0.8666667": [ -0.1283712, 0, 0.8891773 ],
            "1.366667": [ 0, 0, 0 ]
          },
          "rotation": {
            "0": [ 0, 0, 0 ],
            "0.3": [ -5.68629, -98.21507, 0 ],
            "0.5333334": [ -12.86924, -98.21507, 0 ],
            "0.8666667": [ -12.86924, -98.21507, 0 ],
            "1.366667": [ 0, 0, 0 ]
          },
          "scale": {
            "0": [ 1, 1, 1 ],
            "0.3": [ 1, 1, 1 ],
            "0.5333334": [ 1, 1, 1 ],
            "0.8666667": [ 1, 1, 1 ],
            "1.366667": [ 1, 1, 1 ]
          }
        },
        "leftArm": {
          "position": {
            "0": [ 0, 0, 0 ],
            "0.3": [ -2.131628E-16, -2.566836E-15, 1.565684 ],
            "0.5333334": [ -1.476818E-16, -1.778336E-15, 1.084725 ],
            "0.8666667": [ 0, 0, 1.084725 ],
            "1.366667": [ 0, 0, 0 ]
          },
          "rotation": {
            "0": [ 0, 0, 0 ],
            "0.3": [ 7.221964, -17.73903, -22.58269 ],
            "0.5333334": [ 5.003466, -12.28982, -15.64557 ],
            "0.8666667": [ 5.003466, -12.28982, -15.64557 ],
            "1.366667": [ 0, 0, 0 ]
          },
          "scale": {
            "0": [ 1, 1, 1 ],
            "0.3": [ 1, 1, 1 ],
            "0.5333334": [ 1, 1, 1 ],
            "0.8666667": [ 1, 1, 1 ],
            "1.366667": [ 1, 1, 1 ]
          }
        },
        "rightArm": {
          "position": {
            "0": [ 0, 0, 0 ],
            "0.3": [ 0, 0, 0 ],
            "0.5333334": [ 0, 0, 0 ],
            "0.8666667": [ 0, 0, 0 ],
            "1.366667": [ 0, 0, 0 ]
          },
          "rotation": {
            "0": [ 0, 0, 0 ],
            "0.3": [ 0, 0, 5.224597 ],
            "0.5333334": [ 0, 0, 3.619666 ],
            "0.8666667": [ 0, 0, 3.619666 ],
            "1.366667": [ 0, 0, 0 ]
          },
          "scale": {
            "0": [ 1, 1, 1 ],
            "0.3": [ 1, 1, 1 ],
            "0.5333334": [ 1, 1, 1 ],
            "0.8666667": [ 1, 1, 1 ],
            "1.366667": [ 1, 1, 1 ]
          }
        },
        "body": {
          "position": {
            "0": [ 0, 0, 0 ],
            "1.366667": [ 0, 0, 0 ]
          },
          "rotation": {
            "0": [ 0, 0, 0 ],
            "1.366667": [ 0, 0, 0 ]
          },
          "scale": {
            "0": [ 1, 1, 1 ],
            "1.366667": [ 1, 1, 1 ]
          }
        },
        "waist": {
          "position": {
            "0": [ 0, 0, 0 ],
            "0.5333334": [ 0, 0, 0 ],
            "0.8666667": [ 0, 0, 0 ],
            "1.366667": [ 0, 0, 0 ]
          },
          "rotation": {
            "0": [ 0, 0, 0 ],
            "0.5333334": [ -1.965302, -24.63182, -3.859101 ],
            "0.8666667": [ -1.965302, -24.63182, -3.859101 ],
            "1.366667": [ 0, 0, 0 ]
          },
          "scale": {
            "0": [ 1, 1, 1 ],
            "0.5333334": [ 1, 1, 1 ],
            "0.8666667": [ 1, 1, 1 ],
            "1.366667": [ 1, 1, 1 ]
          }
        },
        "rightLeg": {
          "position": {
            "0": [ 0, 0, 0 ],
            "1.366667": [ 0, 0, 0 ]
          },
          "rotation": {
            "0": [ 0, 0, 0 ],
            "1.366667": [ 0, 0, 0 ]
          },
          "scale": {
            "0": [ 1, 1, 1 ],
            "1.366667": [ 1, 1, 1 ]
          }
        },
        "leftLeg": {
          "position": {
            "0": [ 0, 0, 0 ],
            "1.366667": [ 0, 0, 0 ]
          },
          "rotation": {
            "0": [ 0, 0, 0 ],
            "1.366667": [ 0, 0, 0 ]
          },
          "scale": {
            "0": [ 1, 1, 1 ],
            "1.366667": [ 1, 1, 1 ]
          }
        },
        "root": {
          "position": {
            "0": [ 0, 0, 0 ],
            "1.366667": [ 0, 0, 0 ]
          },
          "rotation": {
            "0": [ 0, 0, 0 ],
            "1.366667": [ 0, 0, 0 ]
          },
          "scale": {
            "0": [ 1, 1, 1 ],
            "1.366667": [ 1, 1, 1 ]
          }
        }
      }
    }
  }
}