{
  "format_version": "1.8.0",
  "animations": {
    "animation.react_bottom_2": {
      "loop": false,
      "bones": {
        "world": {
          "position": {
            "0": [ 0, 0, 0 ],
            "0.8": [ 0, 0, 0 ],
            "1.033333": [ 0, 0, 0 ],
            "1.333333": [ 0, 0, 0 ]
          },
          "rotation": {
            "0": [ 0, 0, 0 ],
            "0.8": [ 0, 0, 0 ],
            "1.033333": [ 0, 0, 0 ],
            "1.333333": [ 0, 0, 0 ]
          },
          "scale": {
            "0": [ 1, 1, 1 ],
            "0.8": [ 1, 1, 1 ],
            "1.033333": [ 1, 1, 1 ],
            "1.333333": [ 1, 1, 1 ]
          }
        },
        "head": {
          "position": {
            "0": [ 0, 0, 0 ],
            "0.3": [ 1.066662, 1.007835, -1.080186 ],
            "0.5333334": [ 1.066662, 1.007835, -1.080186 ],
            "0.6666667": [ 0.2944333, 0.7015443, -0.3851034 ],
            "0.8": [ -0.6888477, 0.3838474, -1.957477 ],
            "1.033333": [ -0.6888477, 0.3838474, -1.957477 ],
            "1.166667": [ -0.2872561, 0.1600681, -0.8162867 ],
            "1.333333": [ 0, 0, 0 ]
          },
          "rotation": {
            "0": [ 0, 0, 0 ],
            "0.3": [ 47.94987, -51.92554, -5.973268 ],
            "0.5333334": [ 47.94987, -51.92554, -5.973268 ],
            "0.6666667": [ 43.80806, 5.319215, -0.3183346 ],
            "0.8": [ 39.66625, 62.56398, 5.336598 ],
            "1.033333": [ 39.66625, 62.56398, 5.336598 ],
            "1.166667": [ 1.836954, 25.71018, -0.2125157 ],
            "1.333333": [ 0, 0, 0 ]
          },
          "scale": {
            "0": [ 1, 1, 1 ],
            "0.3": [ 1, 1, 1 ],
            "0.5333334": [ 1, 1, 1 ],
            "0.6666667": [ 1, 1, 1 ],
            "0.8": [ 1, 1, 1 ],
            "1.033333": [ 1, 1, 1 ],
            "1.166667": [ 1, 1, 1 ],
            "1.333333": [ 1, 1, 1 ]
          }
        },
        "leftArm": {
          "position": {
            "0": [ 0, 0, 0 ],
            "0.3": [ 0.333818, -0.02679555, 1.395765 ],
            "0.5333334": [ 0.333818, -0.02679555, 1.395765 ],
            "0.8": [ 0, 0, 0 ],
            "1.033333": [ 0, 0, 0 ],
            "1.333333": [ 0, 0, 0 ]
          },
          "rotation": {
            "0": [ 0, 0, 0 ],
            "0.3": [ 15.57593, -24.64598, -20.06145 ],
            "0.5333334": [ 15.57593, -24.64598, -20.06145 ],
            "0.8": [ 0, 0, 0 ],
            "1.033333": [ 0, 0, 0 ],
            "1.333333": [ 0, 0, 0 ]
          },
          "scale": {
            "0": [ 1, 1, 1 ],
            "0.3": [ 1, 1, 1 ],
            "0.5333334": [ 1, 1, 1 ],
            "0.8": [ 1, 1, 1 ],
            "1.033333": [ 1, 1, 1 ],
            "1.333333": [ 1, 1, 1 ]
          }
        },
        "rightArm": {
          "position": {
            "0": [ 0, 0, 0 ],
            "0.5333334": [ 0, 0, 0 ],
            "0.8": [ 0, 0, 1.56607 ],
            "1.033333": [ 0, 0, 1.56607 ],
            "1.333333": [ 0, 0, 0 ]
          },
          "rotation": {
            "0": [ 0, 0, 0 ],
            "0.5333334": [ 0, 0, 0 ],
            "0.8": [ 24.26954, 30.84209, 31.3994 ],
            "1.033333": [ 24.26954, 30.84209, 31.3994 ],
            "1.333333": [ 0, 0, 0 ]
          },
          "scale": {
            "0": [ 1, 1, 1 ],
            "0.5333334": [ 1, 1, 1 ],
            "0.8": [ 1, 1, 1 ],
            "1.033333": [ 1, 1, 1 ],
            "1.333333": [ 1, 1, 1 ]
          }
        },
        "body": {
          "position": {
            "0": [ 0, 0, 0 ],
            "0.5333334": [ 0, 0, 0 ],
            "0.8": [ 0, 0, 0 ],
            "1.033333": [ 0, 0, 0 ],
            "1.333333": [ 0, 0, 0 ]
          },
          "rotation": {
            "0": [ 0, 0, 0 ],
            "0.5333334": [ 0, 0, 0 ],
            "0.8": [ 0, 0, 0 ],
            "1.033333": [ 0, 0, 0 ],
            "1.333333": [ 0, 0, 0 ]
          },
          "scale": {
            "0": [ 1, 1, 1 ],
            "0.5333334": [ 1, 1, 1 ],
            "0.8": [ 1, 1, 1 ],
            "1.033333": [ 1, 1, 1 ],
            "1.333333": [ 1, 1, 1 ]
          }
        },
        "waist": {
          "position": {
            "0": [ 0, 0, 0 ],
            "0.3": [ 0, 0, 0 ],
            "0.5333334": [ 0, 0, 0 ],
            "0.8": [ 0, 0, 0 ],
            "1.033333": [ 0, 0, 0 ],
            "1.333333": [ 0, 0, 0 ]
          },
          "rotation": {
            "0": [ 0, 0, 0 ],
            "0.3": [ -3.096077, 15.78814, 10.31599 ],
            "0.5333334": [ -3.096077, 15.78814, 10.31599 ],
            "0.8": [ -6.4008, -17.76641, -7.294467 ],
            "1.033333": [ -6.4008, -17.76641, -7.294467 ],
            "1.333333": [ 0, 0, 0 ]
          },
          "scale": {
            "0": [ 1, 1, 1 ],
            "0.3": [ 1, 1, 1 ],
            "0.5333334": [ 1, 1, 1 ],
            "0.8": [ 1, 1, 1 ],
            "1.033333": [ 1, 1, 1 ],
            "1.333333": [ 1, 1, 1 ]
          }
        },
        "rightLeg": {
          "position": {
            "0": [ 0, 0, 0 ],
            "0.5333334": [ 0, 0, 0 ],
            "0.8": [ 0, 0, 0 ],
            "1.033333": [ 0, 0, 0 ],
            "1.333333": [ 0, 0, 0 ]
          },
          "rotation": {
            "0": [ 0, 0, 0 ],
            "0.5333334": [ 0, 0, 0 ],
            "0.8": [ 0, 0, 0 ],
            "1.033333": [ 0, 0, 0 ],
            "1.333333": [ 0, 0, 0 ]
          },
          "scale": {
            "0": [ 1, 1, 1 ],
            "0.5333334": [ 1, 1, 1 ],
            "0.8": [ 1, 1, 1 ],
            "1.033333": [ 1, 1, 1 ],
            "1.333333": [ 1, 1, 1 ]
          }
        },
        "leftLeg": {
          "position": {
            "0": [ 0, 0, 0 ],
            "0.5333334": [ 0, 0, 0 ],
            "0.8": [ 0, 0, 0 ],
            "1.033333": [ 0, 0, 0 ],
            "1.333333": [ 0, 0, 0 ]
          },
          "rotation": {
            "0": [ 0, 0, 0 ],
            "0.5333334": [ 0, 0, 0 ],
            "0.8": [ 0, 0, 0 ],
            "1.033333": [ 0, 0, 0 ],
            "1.333333": [ 0, 0, 0 ]
          },
          "scale": {
            "0": [ 1, 1, 1 ],
            "0.5333334": [ 1, 1, 1 ],
            "0.8": [ 1, 1, 1 ],
            "1.033333": [ 1, 1, 1 ],
            "1.333333": [ 1, 1, 1 ]
          }
        },
        "root": {
          "position": {
            "0": [ 0, 0, 0 ],
            "0.3": [ 0, 0, 0 ],
            "0.5333334": [ 0, 0, 0 ],
            "0.8": [ 0, 0, 0 ],
            "1.033333": [ 0, 0, 0 ],
            "1.333333": [ 0, 0, 0 ]
          },
          "rotation": {
            "0": [ 0, 0, 0 ],
            "0.3": [ 0, 4.874241, -6.907958 ],
            "0.5333334": [ 0, 4.874241, -6.907958 ],
            "0.8": [ 1.215341, -10.5478, 7.025933 ],
            "1.033333": [ 1.215341, -10.5478, 7.025933 ],
            "1.333333": [ 0, 0, 0 ]
          },
          "scale": {
            "0": [ 1, 1, 1 ],
            "0.3": [ 1, 1, 1 ],
            "0.5333334": [ 1, 1, 1 ],
            "0.8": [ 1, 1, 1 ],
            "1.033333": [ 1, 1, 1 ],
            "1.333333": [ 1, 1, 1 ]
          }
        }
      }
    }
  }
}