{
  "format_version": "1.8.0",
  "animations": {
    "animation.react_bored_1": {
      "loop": false,
      "bones": {
        "head": {
          "position": {
            "0": [ 0, 0, 0 ],
            "1.133333": [ 0, 0, 0 ],
            "2.733333": [ 0, 0.4663189, 0.08770285 ],
            "3.033333": [ 0, 0, 0 ],
            "3.5": [ 0, 0, 0 ]
          },
          "rotation": {
            "0": [ 0, 0, 0 ],
            "1.133333": [ -10.65147, 0, 0 ],
            "2.733333": [ -19.93827, 0, 0 ],
            "3.033333": [ -0.5150262, 0, 0 ],
            "3.5": [ 0, 0, 0 ]
          },
          "scale": {
            "0": [ 1, 1, 1 ],
            "1.133333": [ 1, 1, 1 ],
            "2.733333": [ 1, 1, 1 ],
            "3.033333": [ 1, 1, 1 ],
            "3.5": [ 1, 1, 1 ]
          }
        },
        "leftArm": {
          "position": {
            "0": [ 0, 0, 0 ],
            "0.2666667": [ 0, 1.541185, 0.8673859 ],
            "1.133333": [ 0.06847557, 3.063873, -0.09082612 ],
            "2.733333": [ -0.1676165, 4.544347, 0.2452852 ],
            "3.133333": [ 0, 0, 0 ],
            "3.5": [ 0, 0, 0 ],
            "3.666667": [ 0, 0, 0 ]
          },
          "rotation": {
            "0": [ 0, 0, 0 ],
            "0.2666667": [ 0, 0, 0 ],
            "1.133333": [ -192.644, -1.949634, -8.62342 ],
            "2.733333": [ -205.3233, -1.949634, -8.62342 ],
            "3.133333": [ 51.68896, 0, 0 ],
            "3.5": [ -11.78692, 0, 0 ],
            "3.666667": [ 0, 0, 0 ]
          },
          "scale": {
            "0": [ 1, 1, 1 ],
            "0.2666667": [ 1, 1, 1 ],
            "1.133333": [ 1, 1, 1 ],
            "2.733333": [ 1, 1, 1 ],
            "3.133333": [ 1, 1, 1 ],
            "3.5": [ 1, 1, 1 ],
            "3.666667": [ 1, 1, 1 ]
          }
        },
        "rightArm": {
          "position": {
            "0": [ 0, 0, 0 ],
            "0.2666667": [ 0, 1.541185, 0.8673859 ],
            "1.133333": [ -0.06834411, 3.063853, -0.09083065 ],
            "2.733333": [ 0.1672947, 4.544396, 0.2452963 ],
            "3.133333": [ 0, 0, 0 ],
            "3.5": [ 0, 0, 0 ],
            "3.666667": [ 0, 0, 0 ]
          },
          "rotation": {
            "0": [ 0, 0, 0 ],
            "0.2666667": [ 0, 0, 0 ],
            "1.133333": [ -192.6446, 1.945889, 8.606719 ],
            "2.733333": [ -205.3239, 1.945889, 8.606719 ],
            "3.133333": [ 51.68896, 0, 0 ],
            "3.5": [ -11.78692, 0, 0 ],
            "3.666667": [ 0, 0, 0 ]
          },
          "scale": {
            "0": [ 1, 1, 1 ],
            "0.2666667": [ 1, 1, 1 ],
            "1.133333": [ 1, 1, 1 ],
            "2.733333": [ 1, 1, 1 ],
            "3.133333": [ 1, 1, 1 ],
            "3.5": [ 1, 1, 1 ],
            "3.666667": [ 1, 1, 1 ]
          }
        },
        "body": {
          "position": {
            "0": [ 0, 0, 0 ]
          },
          "rotation": {
            "0": [ 0, 0, 0 ]
          },
          "scale": {
            "0": [ 1, 1, 1 ]
          }
        },
        "waist": {
          "position": {
            "0": [ 0, 0, 0 ],
            "0.2666667": [ 0, 0, 0 ],
            "1.133333": [ 0, 0, 0 ],
            "2.733333": [ 0, 0.4660488, 0.1191077 ],
            "3.033333": [ 0, 0, 0 ],
            "3.5": [ 0, 0, 0 ]
          },
          "rotation": {
            "0": [ 0, 0, 0 ],
            "0.2666667": [ 8.679557, 0, 0 ],
            "1.133333": [ -14.33616, 0, 0 ],
            "2.733333": [ -14.33616, 0, 0 ],
            "3.033333": [ 1.509082, 0, 0 ],
            "3.5": [ 0, 0, 0 ]
          },
          "scale": {
            "0": [ 1, 1, 1 ],
            "0.2666667": [ 1, 1, 1 ],
            "1.133333": [ 1, 1, 1 ],
            "2.733333": [ 1, 1, 1 ],
            "3.033333": [ 1, 1, 1 ],
            "3.5": [ 1, 1, 1 ]
          }
        },
        "rightLeg": {
          "position": {
            "0": [ 0, 0, 0 ]
          },
          "rotation": {
            "0": [ 0, 0, 0 ]
          },
          "scale": {
            "0": [ 1, 1, 1 ]
          }
        },
        "leftLeg": {
          "position": {
            "0": [ 0, 0, 0 ]
          },
          "rotation": {
            "0": [ 0, 0, 0 ]
          },
          "scale": {
            "0": [ 1, 1, 1 ]
          }
        },
        "root": {
          "position": {
            "0": [ 0, 0, 0 ],
            "0.2666667": [ 0, 0, 0 ],
            "1.133333": [ 0, 0, 0 ],
            "2.733333": [ 0, 0, 0 ],
            "3.033333": [ 0, 0, 0 ],
            "3.5": [ 0, 0, 0 ]
          },
          "rotation": {
            "0": [ 0, 0, 0 ],
            "0.2666667": [ -3.144116, 0, 0 ],
            "1.133333": [ 10.76436, 0, 0 ],
            "2.733333": [ 6.784551, 0, 0 ],
            "3.033333": [ -5.019835, 0, 0 ],
            "3.5": [ 0, 0, 0 ]
          },
          "scale": {
            "0": [ 1, 1, 1 ],
            "0.2666667": [ 1, 1, 1 ],
            "1.133333": [ 1, 1, 1 ],
            "2.733333": [ 1, 1, 1 ],
            "3.033333": [ 1, 1, 1 ],
            "3.5": [ 1, 1, 1 ]
          }
        }
      }
    }
  }
}