{
  "format_version": "1.8.0",
  "animations": {
    "animation.react_torso_1": {
      "loop": false,
      "bones": {
        "head": {
          "position": {
            "0": [ 0, 0, 0 ],
            "0.1": [ 0, 0, 0 ],
            "0.3": [ 0, 0, 0 ],
            "0.6333333": [ 0, 0, 0 ],
            "0.7333333": [ 0, 0, 0 ],
            "0.9333333": [ 0, 0, 0 ],
            "1.166667": [ 0, 0, 0 ],
            "1.3": [ 0, 0, 0 ],
            "1.633333": [ 0, 0, 0 ]
          },
          "rotation": {
            "0": [ 0, 0, 0 ],
            "0.1": [ 15.3083, 0.125435, 3.991195 ],
            "0.3": [ 23.42786, 0.4838209, 15.39461 ],
            "0.6333333": [ 23.42786, 0.4838209, 15.39461 ],
            "0.7333333": [ 26.2719, -6.216213, 4.999293 ],
            "0.9333333": [ 30.24794, -15.58304, -9.533633 ],
            "1.166667": [ 30.24794, -15.58304, -9.533633 ],
            "1.3": [ 17.18065, -8.85107, -5.415047 ],
            "1.633333": [ 0, 0, 0 ]
          },
          "scale": {
            "0": [ 1, 1, 1 ],
            "0.1": [ 1, 1, 1 ],
            "0.3": [ 1, 1, 1 ],
            "0.6333333": [ 1, 1, 1 ],
            "0.7333333": [ 1, 1, 1 ],
            "0.9333333": [ 1, 1, 1 ],
            "1.166667": [ 1, 1, 1 ],
            "1.3": [ 1, 1, 1 ],
            "1.633333": [ 1, 1, 1 ]
          }
        },
        "leftArm": {
          "position": {
            "0": [ 0, 0, 0 ],
            "0.1666667": [ 0, 0, 0 ],
            "0.3666667": [ 0, 0, 0 ],
            "1.3": [ 0, 0, 0 ],
            "1.633333": [ 0, 0, 0 ]
          },
          "rotation": {
            "0": [ 0, 0, 0 ],
            "0.1666667": [ 0, 0, 0 ],
            "0.3666667": [ 0, 0, -16.54816 ],
            "1.3": [ 0, 0, -16.54816 ],
            "1.633333": [ 0, 0, 0 ]
          },
          "scale": {
            "0": [ 1, 1, 1 ],
            "0.1666667": [ 1, 1, 1 ],
            "0.3666667": [ 1, 1, 1 ],
            "1.3": [ 1, 1, 1 ],
            "1.633333": [ 1, 1, 1 ]
          }
        },
        "rightArm": {
          "position": {
            "0": [ 0, 0, 0 ],
            "0.1666667": [ 0, 0, 0 ],
            "0.3666667": [ 0, 0, 0 ],
            "1.3": [ 0, 0, 0 ],
            "1.633333": [ 0, 0, 0 ]
          },
          "rotation": {
            "0": [ 0, 0, 0 ],
            "0.1666667": [ 0, 0, 0 ],
            "0.3666667": [ 0, 0, 16.86056 ],
            "1.3": [ 0, 0, 16.86056 ],
            "1.633333": [ 0, 0, 0 ]
          },
          "scale": {
            "0": [ 1, 1, 1 ],
            "0.1666667": [ 1, 1, 1 ],
            "0.3666667": [ 1, 1, 1 ],
            "1.3": [ 1, 1, 1 ],
            "1.633333": [ 1, 1, 1 ]
          }
        },
        "waist": {
          "position": {
            "0": [ 0, 0, 0 ],
            "0.1": [ 0, 0, 0 ],
            "0.3": [ 0, 0, 0 ],
            "1.066667": [ 0, 0, 0 ],
            "1.566667": [ 0, 0, 0 ]
          },
          "rotation": {
            "0": [ 0, 0, 0 ],
            "0.1": [ 5.681679, 0, 0 ],
            "0.3": [ -14.66364, 0, 0 ],
            "1.066667": [ -14.66364, 0, 0 ],
            "1.566667": [ 0, 0, 0 ]
          },
          "scale": {
            "0": [ 1, 1, 1 ],
            "0.1": [ 1, 1, 1 ],
            "0.3": [ 1, 1, 1 ],
            "1.066667": [ 1, 1, 1 ],
            "1.566667": [ 1, 1, 1 ]
          }
        }
      }
    }
  }
}