{
  "format_version": "1.8.0",
  "animations": {
    "animation.react_head_1": {
      "loop": false,
      "bones": {
        "world": {
          "position": {
            "0": [ 0, 0, 0 ]
          },
          "rotation": {
            "0": [ 0, 0, 0 ]
          },
          "scale": {
            "0": [ 1, 1, 1 ]
          }
        },
        "head": {
          "position": {
            "0": [ 0, 0, 0 ],
            "0.1666667": [ 0, 0, 0 ],
            "0.4666667": [ 0, 0, 0 ],
            "0.7666667": [ 0, 0, 0 ],
            "0.9666666": [ 0, 0, 0 ],
            "1.166667": [ 0, 0, 0 ]
          },
          "rotation": {
            "0": [ 0, 0, 0 ],
            "0.1666667": [ -15.47443, 19.3838, 2.557317 ],
            "0.4666667": [ -15.47443, 19.3838, 2.557317 ],
            "0.7666667": [ -16.59691, -20.06949, 0.1299327 ],
            "0.9666666": [ -16.59691, -20.06949, 0.1299327 ],
            "1.166667": [ 0, 0, 0 ]
          },
          "scale": {
            "0": [ 1, 1, 1 ],
            "0.1666667": [ 1, 1, 1 ],
            "0.4666667": [ 1, 1, 1 ],
            "0.7666667": [ 1, 1, 1 ],
            "0.9666666": [ 1, 1, 1 ],
            "1.166667": [ 1, 1, 1 ]
          }
        },
        "leftArm": {
          "position": {
            "0": [ 0, 0, 0 ],
            "0.1666667": [ 0.005685885, 0.04968877, -0.8978199 ],
            "0.4666667": [ 0.005685885, 0.04968877, -0.8978199 ],
            "0.7666667": [ 0.005685885, 0.04968877, 1.540455 ],
            "0.9666666": [ 0.005685885, 0.04968877, 1.540455 ],
            "1.066667": [ 0.002842942, 0.02484439, 0.7702275 ],
            "1.166667": [ 0, 0, 0 ]
          },
          "rotation": {
            "0": [ 0, 0, 0 ],
            "0.1666667": [ -3.107291, 7.142223, -8.633042 ],
            "0.4666667": [ -3.107291, 7.142223, -8.633042 ],
            "0.7666667": [ 8.276029, -16.63162, -10.07732 ],
            "0.9666666": [ 8.276029, -16.63162, -10.07732 ],
            "1.066667": [ 5.016912, -7.81937, -11.29508 ],
            "1.166667": [ 0, 0, 0 ]
          },
          "scale": {
            "0": [ 1, 1, 1 ],
            "0.1666667": [ 1, 1, 1 ],
            "0.4666667": [ 1, 1, 1 ],
            "0.7666667": [ 1, 1, 1 ],
            "0.9666666": [ 1, 1, 1 ],
            "1.066667": [ 1, 1, 1 ],
            "1.166667": [ 1, 1, 1 ]
          }
        },
        "rightArm": {
          "position": {
            "0": [ 0, 0, 0 ],
            "0.1666667": [ 2.344791E-15, 2.859935E-15, 1.818486 ],
            "0.4666667": [ 2.344791E-15, 2.859935E-15, 1.818486 ],
            "0.7666667": [ -0.186621, -0.1244293, -1.45789 ],
            "0.9666666": [ -0.186621, -0.1244293, -1.45789 ],
            "1.066667": [ -0.09331049, -0.06221463, -0.728945 ],
            "1.166667": [ 0, 0, 0 ]
          },
          "rotation": {
            "0": [ 0, 0, 0 ],
            "0.1666667": [ 3.922788, 25.23067, 9.138837 ],
            "0.4666667": [ 3.922788, 25.23067, 9.138837 ],
            "0.7666667": [ -0.9013821, -15.90545, 5.421231 ],
            "0.9666666": [ -0.9013821, -15.90545, 5.421231 ],
            "1.066667": [ -1.492056, -7.825297, 10.28687 ],
            "1.166667": [ 0, 0, 0 ]
          },
          "scale": {
            "0": [ 1, 1, 1 ],
            "0.1666667": [ 1, 1, 1 ],
            "0.4666667": [ 1, 1, 1 ],
            "0.7666667": [ 1, 1, 1 ],
            "0.9666666": [ 1, 1, 1 ],
            "1.066667": [ 1, 1, 1 ],
            "1.166667": [ 1, 1, 1 ]
          }
        },
        "body": {
          "position": {
            "0": [ 0, 0, 0 ]
          },
          "rotation": {
            "0": [ 0, 0, 0 ]
          },
          "scale": {
            "0": [ 1, 1, 1 ]
          }
        },
        "waist": {
          "position": {
            "0": [ 0, 0, 0 ],
            "0.1666667": [ 0, 0, 0 ],
            "0.4666667": [ 0, 0, 0 ],
            "0.6": [ 0, 0, 0 ],
            "0.7666667": [ 0, 0, 0 ],
            "0.9666666": [ 0, 0, 0 ],
            "1.166667": [ 0, 0, 0 ]
          },
          "rotation": {
            "0": [ 0, 0, 0 ],
            "0.1666667": [ -3.834379, 14.99824, 2.925156 ],
            "0.4666667": [ -6.247176, 16.69529, 2.732869 ],
            "0.6": [ 1.431161, -1.82121, 0.1438491 ],
            "0.7666667": [ -2.227236, -27.70776, -3.285913 ],
            "0.9666666": [ -4.187803, -27.70776, -3.285913 ],
            "1.166667": [ 0, 0, 0 ]
          },
          "scale": {
            "0": [ 1, 1, 1 ],
            "0.1666667": [ 1, 1, 1 ],
            "0.4666667": [ 1, 1, 1 ],
            "0.6": [ 1, 1, 1 ],
            "0.7666667": [ 1, 1, 1 ],
            "0.9666666": [ 1, 1, 1 ],
            "1.166667": [ 1, 1, 1 ]
          }
        },
        "rightLeg": {
          "position": {
            "0": [ 0, 0, 0 ]
          },
          "rotation": {
            "0": [ 0, 0, 0 ]
          },
          "scale": {
            "0": [ 1, 1, 1 ]
          }
        },
        "leftLeg": {
          "position": {
            "0": [ 0, 0, 0 ]
          },
          "rotation": {
            "0": [ 0, 0, 0 ]
          },
          "scale": {
            "0": [ 1, 1, 1 ]
          }
        },
        "root": {
          "position": {
            "0": [ 0, 0, 0 ]
          },
          "rotation": {
            "0": [ 0, 0, 0 ]
          },
          "scale": {
            "0": [ 1, 1, 1 ]
          }
        }
      }
    }
  }
}