{
  "format_version": "1.8.0",
  "animations": {
    "animation.react_bottom_1": {
      "loop": false,
      "bones": {
        "head": {
          "position": {
            "0": [ 0, 0, 0 ],
            "0.3": [ 0, 0, 0 ],
            "1.3": [ 0, 0, 0 ],
            "1.633333": [ 0, 0, 0 ]
          },
          "rotation": {
            "0": [ 0, 0, 0 ],
            "0.3": [ 26.2671, 0, 0 ],
            "1.3": [ 26.2671, 0, 0 ],
            "1.633333": [ 0, 0, 0 ]
          },
          "scale": {
            "0": [ 1, 1, 1 ],
            "0.3": [ 1, 1, 1 ],
            "1.3": [ 1, 1, 1 ],
            "1.633333": [ 1, 1, 1 ]
          }
        },
        "waist": {
          "position": {
            "0": [ 0, 0, 0 ],
            "0.2333333": [ 0, 0, 0 ],
            "0.4": [ 0, 0, 0 ],
            "1.3": [ 0, 0, 0 ],
            "1.633333": [ 0, 0, 0 ]
          },
          "rotation": {
            "0": [ 0, 0, 0 ],
            "0.2333333": [ 0, 0, 0 ],
            "0.4": [ 4.184879, 0, 0 ],
            "1.3": [ 4.184879, 0, 0 ],
            "1.633333": [ 0, 0, 0 ]
          },
          "scale": {
            "0": [ 1, 1, 1 ],
            "0.2333333": [ 1, 1, 1 ],
            "0.4": [ 1, 1, 1 ],
            "1.3": [ 1, 1, 1 ],
            "1.633333": [ 1, 1, 1 ]
          }
        },
        "rightLeg": {
          "position": {
            "0": [ 0, 0, 0 ],
            "0.06666667": [ 0, 0, 0 ],
            "0.3": [ 0, 0, 0 ],
            "0.4666667": [ 0, 0, 0 ],
            "0.7": [ 0, 0, 0 ],
            "0.8": [ 0, 0, 0 ],
            "0.9666666": [ 0, 0, 0 ],
            "1.166667": [ 0, 0, 0 ],
            "1.266667": [ 0, 0, 0 ],
            "1.5": [ 0, 0, 0 ]
          },
          "rotation": {
            "0": [ 0, 0, 0 ],
            "0.06666667": [ 6.050351, 0, 0 ],
            "0.3": [ -38.33161, 0, 0 ],
            "0.4666667": [ -38.33161, 0, 0 ],
            "0.7": [ -39.36071, 12.05625, -9.72207 ],
            "0.8": [ -39.36071, 12.05625, -9.72207 ],
            "0.9666666": [ -38.3325, -0.3595352, 0.2842709 ],
            "1.166667": [ -38.86629, -8.744014, 6.984908 ],
            "1.266667": [ -38.86629, -8.744014, 6.984908 ],
            "1.5": [ 0, 0, 0 ]
          },
          "scale": {
            "0": [ 1, 1, 1 ],
            "0.06666667": [ 1, 1, 1 ],
            "0.3": [ 1, 1, 1 ],
            "0.4666667": [ 1, 1, 1 ],
            "0.7": [ 1, 1, 1 ],
            "0.8": [ 1, 1, 1 ],
            "0.9666666": [ 1, 1, 1 ],
            "1.166667": [ 1, 1, 1 ],
            "1.266667": [ 1, 1, 1 ],
            "1.5": [ 1, 1, 1 ]
          }
        }
      }
    }
  }
}